ticker,strategy,window,k_entry,CAGR,Sharpe,MaxDD,TotalReturn,Volatility,HitRate,AvgExposure,Turnover,N
SPY,BuyHold,,,0.11790325624048204,0.7579404022243672,-0.2713169972042686,2.093006692659825,0.1650750786744392,0.5491578535056796,0.9996083039561301,1.0,2553
SPY,MOM,10.0,1.5,-0.06865786843344546,-0.3494534367658922,-0.7209397749736294,-0.5135398374816512,0.1647162586043945,0.49784567175871525,0.9980415197806503,923.0,2553
SPY,MR,10.0,1.5,0.002880499131326264,0.08103743546322888,-0.21294985198181926,0.029568981831396002,0.10957838753191487,0.20054837446141793,0.41872307089698396,394.0,2553
SPY,MOM+HMM,10.0,1.5,0.014074143356638702,0.185281068830116,-0.2752678086194803,0.15210466726823646,0.10532265175774858,0.3963963963963964,0.7743830787309048,743.0,2553
SPY,MR+HMM,10.0,1.5,0.005393568670661875,0.15292412812337314,-0.12245051532265239,0.056007362613770706,0.040538949045366736,0.09126517822169997,0.18683901292596944,208.0,2553
SPY,HYB_default,10.0,1.5,-0.05543413943540165,-0.6139821497924303,-0.5095880718633794,-0.43884989086616155,0.08673404336765078,0.2859381120250685,0.6036036036036037,663.0,2553
SPY,HYB_contrarian,10.0,1.5,-0.04267309692412613,-0.4779438032313307,-0.41328860313500027,-0.35713107406215905,0.08389304668569662,0.18762240501370936,0.4061887974931453,440.0,2553
SPY,HYB_bullmom,10.0,1.5,-0.015150977437715096,-0.10351048542219089,-0.3082033828314015,-0.14330087534348446,0.09952931934788961,0.37171954563258913,0.7348217783000391,755.0,2553
SPY,HYB_calmonly,10.0,1.5,-0.03679944362964638,-0.4199411999181576,-0.3959944602295079,-0.3160333690478415,0.08137088320452344,0.24402663533098315,0.5025460242851547,585.0,2553
SPY,BLEND50,10.0,1.5,-0.024389901300386985,-0.3706504047593781,-0.36423840638796545,-0.22132079744322752,0.061514893268528034,0.28319623971797886,0.2896592244418331,554.5,2553
SPY,MOM,10.0,2.0,-0.06865786843344546,-0.3494534367658922,-0.7209397749736294,-0.5135398374816512,0.1647162586043945,0.49784567175871525,0.9980415197806503,923.0,2553
SPY,MR,10.0,2.0,0.0035220992431748144,0.0839184117617303,-0.14037163496641425,0.036261503730220745,0.0835877437856467,0.09870740305522914,0.20642381511946728,198.0,2553
SPY,MOM+HMM,10.0,2.0,0.014074143356638702,0.185281068830116,-0.2752678086194803,0.15210466726823646,0.10532265175774858,0.3963963963963964,0.7743830787309048,743.0,2553
SPY,MR+HMM,10.0,2.0,-0.0008023842108896284,-0.009930049071704274,-0.10176460608259252,-0.008099202516197446,0.031356149189584466,0.05248726987857422,0.1128084606345476,118.0,2553
SPY,HYB_default,10.0,2.0,-0.04295681759192338,-0.5274016505155008,-0.4638828551575561,-0.35905866939448816,0.0775314944606482,0.24167645906776342,0.5052878965922444,561.0,2553
SPY,HYB_contrarian,10.0,2.0,-0.02316904004357223,-0.27032593486863266,-0.2972885208813544,-0.21139234884242397,0.07604522752630775,0.11829220524872698,0.25616921269095183,318.0,2553
SPY,HYB_bullmom,10.0,2.0,-0.024490922178895924,-0.21287421765205997,-0.3978483943187371,-0.22213726400819322,0.09516161807141074,0.36036036036036034,0.7152369761065414,731.0,2553
SPY,HYB_calmonly,10.0,2.0,-0.045708521664111545,-0.5777873037755626,-0.46864900172037083,-0.3774852570770023,0.07596085119073355,0.23266745005875442,0.48296122209165687,545.0,2553
SPY,BLEND50,10.0,2.0,-0.02660319905094599,-0.34436975007029946,-0.389501843688593,-0.23903324722159103,0.07098159402499701,0.39247943595769685,0.3958088523305915,504.5,2553
SPY,MOM,10.0,2.5,-0.06865786843344546,-0.3494534367658922,-0.7209397749736294,-0.5135398374816512,0.1647162586043945,0.49784567175871525,0.9980415197806503,923.0,2553
SPY,MR,10.0,2.5,-0.001077785651684926,0.003944483604321817,-0.14037163496641425,-0.010865423701163612,0.0505908685763373,0.033685859772816296,0.07598903251077165,70.0,2553
SPY,MOM+HMM,10.0,2.5,0.014074143356638702,0.185281068830116,-0.2752678086194803,0.15210466726823646,0.10532265175774858,0.3963963963963964,0.7743830787309048,743.0,2553
SPY,MR+HMM,10.0,2.5,0.002434617573295883,0.13854649605286315,-0.03712309454565399,0.024940967685693316,0.018824156803828995,0.01880141010575793,0.04426165295730513,42.0,2553
SPY,HYB_default,10.0,2.5,-0.0420500721407947,-0.5867884193934613,-0.4737039603420755,-0.3528799037973873,0.06912923156076274,0.22405013709361535,0.4680767724245985,517.0,2553
SPY,HYB_contrarian,10.0,2.5,-0.020582726882166114,-0.2599289890229087,-0.3437458423819165,-0.18998176320334403,0.07048392469563333,0.07794751273012143,0.17038777908343125,238.0,2553
SPY,HYB_bullmom,10.0,2.5,-0.020812837785045057,-0.18971200325156823,-0.3819127572834039,-0.19190772962759395,0.08965414261667491,0.35056795926361145,0.6964355660007834,711.0,2553
SPY,HYB_calmonly,10.0,2.5,-0.04196970746214246,-0.5872057680237904,-0.4737039603420755,-0.35232969958774185,0.0689573715051157,0.2228750489620055,0.46415981198589895,515.0,2553
SPY,BLEND50,10.0,2.5,-0.030980444228833837,-0.36234590389657434,-0.42846800892701553,-0.27299795902896573,0.07837604206462169,0.4563258911084998,0.46102624363493927,477.5,2553
SPY,MOM,20.0,1.5,-0.013481232858555958,-0.0001556915138220023,-0.5137274784339553,-0.12847149346406073,0.1646911581430116,0.5088131609870741,0.9980415197806503,595.0,2553
SPY,MR,20.0,1.5,0.016515266157873576,0.20921497178112228,-0.21797724329540913,0.18051262492349696,0.10429749707042492,0.1934978456717587,0.3881707794751273,216.0,2553
SPY,MOM+HMM,20.0,1.5,0.0465349720902275,0.49547940495860227,-0.2072928692518501,0.5853467167206841,0.10236353506787046,0.3991382687034861,0.7532314923619271,503.0,2553
SPY,MR+HMM,20.0,1.5,0.013113069459100846,0.34515838758356204,-0.1475871295710941,0.14109051915114934,0.0400684215547485,0.09596553074813945,0.1872307089698394,150.0,2553
SPY,HYB_default,20.0,1.5,-0.025103250361754426,-0.25286856573436833,-0.39956838440355913,-0.22706970532713666,0.0859131611049811,0.3008225616921269,0.6024285154719937,399.0,2553
SPY,HYB_contrarian,20.0,1.5,-0.04309772764488029,-0.48729375598961394,-0.409431659669269,-0.36001407345532144,0.0832944321617788,0.18331374853113983,0.3944379161770466,362.0,2553
SPY,HYB_bullmom,20.0,1.5,0.016460067201506723,0.2159536442173154,-0.2997219208268964,0.17986334764388867,0.09776241008010729,0.3869956913435174,0.7359968664316491,537.0,2553
SPY,HYB_calmonly,20.0,1.5,-0.01730963685251996,-0.18048684359785894,-0.3335018244235639,-0.16213524974689142,0.07928423770670157,0.25695260477869175,0.5037211124167645,363.0,2553
SPY,BLEND50,20.0,1.5,0.009387046940484645,0.17844987602974158,-0.22109627370703344,0.09928079861322003,0.06372250983308625,0.31688209949079515,0.30493537015276145,373.5,2553
SPY,MOM,20.0,2.0,-0.013481232858555958,-0.0001556915138220023,-0.5137274784339553,-0.12847149346406073,0.1646911581430116,0.5088131609870741,0.9980415197806503,595.0,2553
SPY,MR,20.0,2.0,0.015409519894065138,0.23059452399141434,-0.17339134710534965,0.16756748707139946,0.08029395878714979,0.09048178613396005,0.17900509204857032,102.0,2553
SPY,MOM+HMM,20.0,2.0,0.0465349720902275,0.49547940495860227,-0.2072928692518501,0.5853467167206841,0.10236353506787046,0.3991382687034861,0.7532314923619271,503.0,2553
SPY,MR+HMM,20.0,2.0,0.011363886889228736,0.48028584390798085,-0.061727190289415645,0.12128770979387204,0.024131943302893342,0.041128084606345476,0.07677242459851155,64.0,2553
SPY,HYB_default,20.0,2.0,-0.019884398860775976,-0.21934527163062337,-0.33553902058343965,-0.18411158984394094,0.07775084183232177,0.26674500587544064,0.5291813552683118,347.0,2553
SPY,HYB_contrarian,20.0,2.0,-0.034507043878479915,-0.44148286351466265,-0.35934093776257214,-0.29936156729071783,0.07344422677954703,0.10693301997649823,0.2318840579710145,272.0,2553
SPY,HYB_bullmom,20.0,2.0,0.01499918325000138,0.20475598211309542,-0.32673132139952477,0.16279625848076895,0.09459128623916062,0.37877007442224836,0.7211124167645907,505.0,2553
SPY,HYB_calmonly,20.0,2.0,-0.01872214863712085,-0.21309034414855535,-0.3466663237781845,-0.1742566090673412,0.07533789898325746,0.24872698785742264,0.4888366627497062,331.0,2553
SPY,BLEND50,20.0,2.0,0.0069092847736687,0.1316861972528395,-0.23510282031688057,0.07224751445288335,0.07189018249034804,0.4214649432040736,0.4095182138660399,333.5,2553
SPY,MOM,20.0,2.5,-0.013481232858555958,-0.0001556915138220023,-0.5137274784339553,-0.12847149346406073,0.1646911581430116,0.5088131609870741,0.9980415197806503,595.0,2553
SPY,MR,20.0,2.5,-0.001569176878597256,-0.011745157606141154,-0.12093445582339479,-0.015783850671960087,0.04554331626906844,0.019584802193497845,0.036427732079905996,20.0,2553
SPY,MOM+HMM,20.0,2.5,0.0465349720902275,0.49547940495860227,-0.2072928692518501,0.5853467167206841,0.10236353506787046,0.3991382687034861,0.7532314923619271,503.0,2553
SPY,MR+HMM,20.0,2.5,0.002195326302510292,0.2483624801119995,-0.015475701524905294,0.022464990321748646,0.008991744550947225,0.009009009009009009,0.014884449667058363,12.0,2553
SPY,HYB_default,20.0,2.5,-0.020411655388272387,-0.2619603381983408,-0.35675271622955307,-0.18854726070931727,0.06948921457077756,0.23697610654132392,0.46533490011750883,299.0,2553
SPY,HYB_contrarian,20.0,2.5,-0.03207328111404906,-0.44220273126981036,-0.36653440822060035,-0.28126164256301056,0.06843449566385124,0.06345475910693302,0.13748531139835488,216.0,2553
SPY,HYB_bullmom,20.0,2.5,0.012792840552029672,0.18650656312559874,-0.35880734129594694,0.1374417502999281,0.08978670907408741,0.3654524089306698,0.6952604778691736,475.0,2553
SPY,HYB_calmonly,20.0,2.5,-0.020856440696349288,-0.26979909059211277,-0.36865009589179254,-0.19227220879731954,0.06922224967570599,0.2354093223658441,0.46298472385428907,301.0,2553
SPY,BLEND50,20.0,2.5,-0.0033143125544455865,-0.0024190872331061107,-0.2749335189956107,-0.03307361003409881,0.07913751775290175,0.4919702311006659,0.4808068938503721,301.5,2553
SPY,MOM,50.0,1.5,-0.04032500782441728,-0.16867607204934434,-0.4381867359296806,-0.3409765068189361,0.1640751224780636,0.5084214649432041,0.9952996474735605,371.0,2553
SPY,MR,50.0,1.5,0.0072352689098151846,0.1213180554571821,-0.14903960248202164,0.07576954764793853,0.10377881079503759,0.18331374853113983,0.38112025068546806,86.0,2553
SPY,MOM+HMM,50.0,1.5,0.07094460185470908,0.7581289898164894,-0.15004703345844772,1.002479696051687,0.09656216814231736,0.38777908343125733,0.7171954563258911,353.0,2553
SPY,MR+HMM,50.0,1.5,0.008441953967984084,0.19414137230534664,-0.1490396024820222,0.08889786684530088,0.04962329268251124,0.11437524481002742,0.24050137093615354,80.0,2553
SPY,HYB_default,50.0,1.5,-0.0018948339858806396,0.01610493235414498,-0.2830443541672466,-0.01903125763044755,0.07966085086516897,0.2788875832354093,0.5389737563650607,219.0,2553
SPY,HYB_contrarian,50.0,1.5,-0.03621884313580581,-0.39748010292057406,-0.37172408021352377,-0.311845034676725,0.08394976830280178,0.18683901292596944,0.4046220133176655,276.0,2553
SPY,HYB_bullmom,50.0,1.5,0.02971767435955952,0.35713012346957834,-0.2480984635576582,0.34538674877537723,0.09452879656345123,0.37602820211515864,0.7097532314923619,383.0,2553
SPY,HYB_calmonly,50.0,1.5,0.006333757420144304,0.12157215391532666,-0.2626582026319142,0.06605470210453324,0.07532456204054921,0.25068546807677244,0.4774774774774775,219.0,2553
SPY,BLEND50,50.0,1.5,-0.009444915494355666,-0.11751956790172936,-0.20483353334035603,-0.0916638210174412,0.06355215058827418,0.31179005092048573,0.3070896983940462,223.5,2553
SPY,MOM,50.0,2.0,-0.04032500782441728,-0.16867607204934434,-0.4381867359296806,-0.3409765068189361,0.1640751224780636,0.5084214649432041,0.9952996474735605,371.0,2553
SPY,MR,50.0,2.0,0.0032598483722261484,0.08066805696974226,-0.15378765868064803,0.03352124519440758,0.07902766105668889,0.08695652173913043,0.17704661182922052,36.0,2553
SPY,MOM+HMM,50.0,2.0,0.07094460185470908,0.7581289898164894,-0.15004703345844772,1.002479696051687,0.09656216814231736,0.38777908343125733,0.7171954563258911,353.0,2553
SPY,MR+HMM,50.0,2.0,-0.005826104990806935,-0.17278425613431922,-0.1488047529143508,-0.057478551580256054,0.031035390319209048,0.057579318448883664,0.11868390129259694,28.0,2553
SPY,HYB_default,50.0,2.0,0.002700813413534009,0.07356139614472268,-0.3054449968738079,0.027701678496212523,0.07074791700036155,0.2491186839012926,0.4770857814336075,189.0,2553
SPY,HYB_contrarian,50.0,2.0,-0.030719233394437717,-0.37931442662079073,-0.3198256216287866,-0.2710101297295696,0.07486912737634369,0.11790050920485703,0.25146886016451236,226.0,2553
SPY,HYB_bullmom,50.0,2.0,0.024912750388914606,0.3189178716161513,-0.2899450583968939,0.2831234271822436,0.08982061232397417,0.3662358010184097,0.6925186055620838,351.0,2553
SPY,HYB_calmonly,50.0,2.0,0.001638329191322896,0.05834140632232356,-0.3147507134371331,0.016722535604329458,0.06931075588310365,0.2408930669800235,0.46024285154719935,187.0,2553
SPY,BLEND50,50.0,2.0,-0.013091327427216415,-0.14730116167079715,-0.25628775869139364,-0.12497550822233072,0.07190062248111087,0.4191147669408539,0.40912651782217,199.5,2553
SPY,MOM,50.0,2.5,-0.04032500782441728,-0.16867607204934434,-0.4381867359296806,-0.3409765068189361,0.1640751224780636,0.5084214649432041,0.9952996474735605,371.0,2553
SPY,MR,50.0,2.5,0.015805254477741615,0.2737506067295418,-0.12093445582339479,0.17218563574015278,0.0649834484143794,0.03799451625538582,0.07128867998433217,18.0,2553
SPY,MOM+HMM,50.0,2.5,0.07094460185470908,0.7581289898164894,-0.15004703345844772,1.002479696051687,0.09656216814231736,0.38777908343125733,0.7171954563258911,353.0,2553
SPY,MR+HMM,50.0,2.5,0.0008496794341192881,0.05850075670053338,-0.03624050550875901,0.008641531220086929,0.01697566510513128,0.022326674500587545,0.04308656482569526,10.0,2553
SPY,HYB_default,50.0,2.5,0.007273861743056997,0.1427145983481084,-0.2700766687641295,0.0761872060578852,0.06612052369612129,0.23932628280454368,0.45593419506462984,177.0,2553
SPY,HYB_contrarian,50.0,2.5,-0.022361832282672633,-0.287646280592427,-0.26882079029120576,-0.20476536039775473,0.07008751518703606,0.08108108108108109,0.16960438699569133,210.0,2553
SPY,HYB_bullmom,50.0,2.5,0.028246406029242,0.36363786511266055,-0.26154750041108765,0.3260385789963003,0.08702003432144062,0.36231884057971014,0.6835095965530749,339.0,2553
SPY,HYB_calmonly,50.0,2.5,0.004896024519136732,0.10726812838569956,-0.28734642390016263,0.05072495716979519,0.06564921072567322,0.23697610654132392,0.4512338425381904,175.0,2553
SPY,BLEND50,50.0,2.5,-0.007751528003672736,-0.06562035740180829,-0.22135994639188594,-0.07580880550446112,0.07532943389247823,0.4755189972581277,0.4620054837446142,194.5,2553
QQQ,BuyHold,,,0.1897362204692361,1.0359729933257398,-0.2315519109041474,4.812825445546389,0.18412683575254726,0.5558166862514688,0.9996083039561301,1.0,2553
QQQ,MOM,10.0,1.5,-0.07829930882639624,-0.351652028526691,-0.7014925114304531,-0.5622137708342108,0.18375957609544677,0.509596553074814,0.9980415197806503,879.0,2553
QQQ,MR,10.0,1.5,0.02148329302140617,0.2327115763565438,-0.2755844817719084,0.24028512537576607,0.12469618956209395,0.21151586368977673,0.4418331374853114,406.0,2553
QQQ,MOM+HMM,10.0,1.5,-0.02570563688853822,-0.13147009871658707,-0.6266720000161615,-0.2318945397193879,0.13190391792085374,0.34312573443008226,0.6694085389737564,668.0,2553
QQQ,MR+HMM,10.0,1.5,-0.0012084973490206208,0.008851715863793193,-0.16564745870429043,-0.012175899500342813,0.05896234174127248,0.12651782216999607,0.27575401488444967,258.0,2553
QQQ,HYB_default,10.0,1.5,-0.040426838393003206,-0.3304819967170123,-0.4627022423673093,-0.3416846071241988,0.1073931396129305,0.2945554249902076,0.5989032510771641,600.0,2553
QQQ,HYB_contrarian,10.0,1.5,-0.03605666954397413,-0.2660205041040042,-0.4176214581010005,-0.3106710244344396,0.11372192821295551,0.281629455542499,0.5738347042694869,617.0,2553
QQQ,HYB_bullmom,10.0,1.5,-0.0073545250787565575,0.008385850638448286,-0.46445680614684115,-0.07205580333916328,0.13014692742457584,0.3607520564042303,0.7066196631414022,724.0,2553
QQQ,HYB_calmonly,10.0,1.5,-0.03825550194660232,-0.3696367687042886,-0.4631219074466596,-0.3264362076072861,0.09364213245470211,0.26556991774383076,0.5342734038386212,532.0,2553
QQQ,BLEND50,10.0,1.5,-0.018223686706824838,-0.2386952973731574,-0.31921810234508474,-0.16999726439517582,0.06750318926822411,0.281629455542499,0.27810419114766943,528.5,2553
QQQ,MOM,10.0,2.0,-0.07829930882639624,-0.351652028526691,-0.7014925114304531,-0.5622137708342108,0.18375957609544677,0.509596553074814,0.9980415197806503,879.0,2553
QQQ,MR,10.0,2.0,0.0341242050029682,0.4193323385379143,-0.2919736991065337,0.40486749728539917,0.08956792545738568,0.10379945162553858,0.20799059929494712,196.0,2553
QQQ,MOM+HMM,10.0,2.0,-0.02570563688853822,-0.13147009871658707,-0.6266720000161615,-0.2318945397193879,0.13190391792085374,0.34312573443008226,0.6694085389737564,668.0,2553
QQQ,MR+HMM,10.0,2.0,0.019154319508201123,0.4509126206058818,-0.11862506054013466,0.21193279029795398,0.04423479904727037,0.06698002350176263,0.13866039952996476,136.0,2553
QQQ,HYB_default,10.0,2.0,-0.034641675590363574,-0.35194958087007,-0.44508665554684734,-0.3003507260976429,0.08892549130626225,0.2334508421464943,0.4669016842929886,482.0,2553
QQQ,HYB_contrarian,10.0,2.0,-0.03348817068386112,-0.2858332788503739,-0.3752046289383486,-0.2918347983488109,0.1012334411231376,0.22875048962005484,0.4571092831962397,489.0,2553
QQQ,HYB_bullmom,10.0,2.0,-0.0027645989748915634,0.03910168703258048,-0.45045484481813436,-0.02765714724381718,0.12311137492662266,0.3188405797101449,0.6157461809635723,648.0,2553
QQQ,HYB_calmonly,10.0,2.0,-0.033808216562083215,-0.3695473787170615,-0.4490846847997716,-0.2942069008548085,0.0835917321461787,0.2236584410497454,0.44339992166079123,456.0,2553
QQQ,BLEND50,10.0,2.0,-0.015911901385055494,-0.15976207436747744,-0.33722230470627923,-0.1499830643715523,0.08024217747750285,0.4073638856247552,0.39502546024285157,489.5,2553
QQQ,MOM,10.0,2.5,-0.07829930882639624,-0.351652028526691,-0.7014925114304531,-0.5622137708342108,0.18375957609544677,0.509596553074814,0.9980415197806503,879.0,2553
QQQ,MR,10.0,2.5,0.0027552117077263016,0.09094520715140317,-0.10766090643657533,0.028266665977215055,0.038339870219715654,0.02702702702702703,0.05483744614179397,54.0,2553
QQQ,MOM+HMM,10.0,2.5,-0.02570563688853822,-0.13147009871658707,-0.6266720000161615,-0.2318945397193879,0.13190391792085374,0.34312573443008226,0.6694085389737564,668.0,2553
QQQ,MR+HMM,10.0,2.5,0.0097863117081185,0.4542379724532202,-0.04463864682614904,0.10369392732723082,0.021968310220006892,0.020759890325107718,0.04191147669408539,44.0,2553
QQQ,HYB_default,10.0,2.5,-0.05478999262848028,-0.6912981888447195,-0.5231461686257793,-0.43496092190175606,0.07718111503306711,0.19741480611045828,0.3975714845280063,402.0,2553
QQQ,HYB_contrarian,10.0,2.5,-0.029454106436039185,-0.2747651449940656,-0.32264731463278395,-0.2613129450092855,0.09303517632384632,0.19232275754014885,0.37406972189580884,411.0,2553
QQQ,HYB_bullmom,10.0,2.5,-0.025167592087387947,-0.15535318763302228,-0.5335708591534465,-0.2275863522297482,0.11868888501736996,0.29063846455150805,0.5663924794359577,590.0,2553
QQQ,HYB_calmonly,10.0,2.5,-0.055485297844423576,-0.7038809353497701,-0.5300284352154169,-0.43915771787720714,0.07687955396294611,0.1954563258911085,0.39404622013317664,396.0,2553
QQQ,BLEND50,10.0,2.5,-0.03378663824492523,-0.33750870863722865,-0.41696768791836647,-0.29404719302948745,0.08986257712599172,0.481786133960047,0.47160203681942814,450.5,2553
QQQ,MOM,20.0,1.5,-0.05425095484231168,-0.21152463757071419,-0.5271289393810604,-0.4316878867519842,0.18376191178455195,0.5174304739522131,0.9980415197806503,599.0,2553
QQQ,MR,20.0,1.5,0.010830581527242256,0.15018400612090244,-0.17077771014419374,0.11531198560562861,0.11778081014716181,0.199764982373678,0.4238151194672934,222.0,2553
QQQ,MOM+HMM,20.0,1.5,0.0029863633885576224,0.0865615232273007,-0.4393170459820811,0.030670559700340272,0.1257331843722158,0.3352918135526831,0.6392479435957696,472.0,2553
QQQ,MR+HMM,20.0,1.5,-0.008044742347887879,-0.10577955852240119,-0.24545510728374786,-0.07857187006335942,0.05960989666423107,0.12847630238934588,0.28319623971797886,154.0,2553
QQQ,HYB_default,20.0,1.5,-0.022584592368527612,-0.16950237778396454,-0.3310283301723962,-0.20659916497639985,0.10327055175116598,0.29298864081472775,0.5797101449275363,412.0,2553
QQQ,HYB_contrarian,20.0,1.5,-0.004804489540033985,0.011445245505443652,-0.28819881578028894,-0.04762018422785008,0.11028643021284186,0.28123775949862906,0.5671758715236976,427.0,2553
QQQ,HYB_bullmom,20.0,1.5,-0.027209668329729042,-0.14877349750885865,-0.4648365225320734,-0.24382285366748102,0.12925479259587416,0.3572267920094007,0.6983940462201331,568.0,2553
QQQ,HYB_calmonly,20.0,1.5,-0.025119787296695728,-0.22911472687750783,-0.2970909316518834,-0.22720252223532578,0.09237899671628684,0.26674500587544064,0.5260477869173521,356.0,2553
QQQ,BLEND50,20.0,1.5,-0.012466317669398097,-0.14258826401382566,-0.21370606860537333,-0.11934514595923873,0.07053644303613871,0.2972972972972973,0.2871132001566784,374.5,2553
QQQ,MOM,20.0,2.0,-0.05425095484231168,-0.21152463757071419,-0.5271289393810604,-0.4316878867519842,0.18376191178455195,0.5174304739522131,0.9980415197806503,599.0,2553
QQQ,MR,20.0,2.0,0.024048705521188207,0.3094886643761408,-0.12361517252242782,0.2722065818100452,0.08975038776953734,0.1128084606345476,0.2346259302781042,122.0,2553
QQQ,MOM+HMM,20.0,2.0,0.0029863633885576224,0.0865615232273007,-0.4393170459820811,0.030670559700340272,0.1257331843722158,0.3352918135526831,0.6392479435957696,472.0,2553
QQQ,MR+HMM,20.0,2.0,-0.009729678872042458,-0.19627810174520183,-0.19694199973314852,-0.09430581886396394,0.04473140543834762,0.07716412064238151,0.17117117117117117,90.0,2553
QQQ,HYB_default,20.0,2.0,-0.021541918157116813,-0.20264300212971773,-0.25719419474695304,-0.19798271272817958,0.08822458421196389,0.2463768115942029,0.47982765374069725,330.0,2553
QQQ,HYB_contrarian,20.0,2.0,0.00555217258106655,0.10528921258078959,-0.19075120578324278,0.05769627770303498,0.1010734105679653,0.23697610654132392,0.4669016842929886,361.0,2553
QQQ,HYB_bullmom,20.0,2.0,-0.03470251573488081,-0.22682417890651205,-0.5091414972105328,-0.30079731445414803,0.12256722916254091,0.32432432432432434,0.6294555424990208,508.0,2553
QQQ,HYB_calmonly,20.0,2.0,-0.032628174029912804,-0.3593342263418722,-0.330340095611554,-0.28542507384109805,0.08275557955046492,0.23384253819036427,0.4571092831962397,296.0,2553
QQQ,BLEND50,20.0,2.0,-0.008517193301981973,-0.06658891106739363,-0.228540771522855,-0.08300828567854535,0.08018507051312335,0.39874657265961616,0.38170779475127303,346.5,2553
QQQ,MOM,20.0,2.5,-0.05425095484231168,-0.21152463757071419,-0.5271289393810604,-0.4316878867519842,0.18376191178455195,0.5174304739522131,0.9980415197806503,599.0,2553
QQQ,MR,20.0,2.5,1.9398596886599506e-06,0.023962685069126695,-0.20901723256271132,1.96528001841223e-05,0.04829658991278737,0.021934978456717588,0.05405405405405406,26.0,2553
QQQ,MOM+HMM,20.0,2.5,0.0029863633885576224,0.0865615232273007,-0.4393170459820811,0.030670559700340272,0.1257331843722158,0.3352918135526831,0.6392479435957696,472.0,2553
QQQ,MR+HMM,20.0,2.5,-0.00596950574222288,-0.22458326910631027,-0.14074727832078882,-0.05885495140845043,0.025250760457936013,0.01645123384253819,0.043478260869565216,20.0,2553
QQQ,HYB_default,20.0,2.5,-0.029867105586248832,-0.36026331903882747,-0.3490782900910031,-0.26449128438029734,0.07610450123433916,0.20211515863689777,0.391304347826087,250.0,2553
QQQ,HYB_contrarian,20.0,2.5,0.0005349216069949758,0.05270342097899328,-0.20806281773057744,0.005432519311483919,0.09407114285751894,0.1927144535840188,0.3764198981590286,291.0,2553
QQQ,HYB_bullmom,20.0,2.5,-0.03762081883151236,-0.26775950898730205,-0.5257481754788436,-0.3219193635993811,0.11743672823427936,0.2902467685076381,0.5601253427340384,456.0,2553
QQQ,HYB_calmonly,20.0,2.5,-0.035553080965124995,-0.44535961202341795,-0.377162410338869,-0.3070139209170182,0.0749517936191542,0.199764982373678,0.38777908343125733,244.0,2553
QQQ,BLEND50,20.0,2.5,-0.022514577815267556,-0.21253388387767105,-0.31034788398714275,-0.20602320261625962,0.08865231959038809,0.4857030943987466,0.4719937328632981,311.5,2553
QQQ,MOM,50.0,1.5,-0.026764068992433554,-0.05643038342437496,-0.4946004643945272,-0.24030637878371952,0.18314442626792976,0.5193889541715628,0.9952996474735605,331.0,2553
QQQ,MR,50.0,1.5,0.005660505746044375,0.10647544677853579,-0.20986880684880682,0.058851276934553054,0.11634701240057346,0.17508813160987075,0.3795534665099882,94.0,2553
QQQ,MOM+HMM,50.0,1.5,0.03049897768810772,0.3255802676067733,-0.42555186506534204,0.355764514072459,0.11130605262138359,0.30513121817469646,0.5648256952604779,286.0,2553
QQQ,MR+HMM,50.0,1.5,0.009383560100111321,0.1633090285623462,-0.1952230265937107,0.09924232823947854,0.0738186722354735,0.13670191931061496,0.2953388170779475,92.0,2553
QQQ,HYB_default,50.0,1.5,0.033035717191821856,0.3671854708776069,-0.2647785722306939,0.3899584307817203,0.10295747611144239,0.27418723070896983,0.5127301214257736,214.0,2553
QQQ,HYB_contrarian,50.0,1.5,0.008718370893596505,0.13243972289376285,-0.30531776992244364,0.09192544032610339,0.11857488868677031,0.2953388170779475,0.5965530748139444,323.0,2553
QQQ,HYB_bullmom,50.0,1.5,-0.020200332474600957,-0.10029671359053341,-0.4890902473218829,-0.18677207309701993,0.12523575025425013,0.33137485311398357,0.63572267920094,352.0,2553
QQQ,HYB_calmonly,50.0,1.5,0.007089457027110502,0.12492040900156944,-0.28911669065438905,0.07419286423825944,0.0866579581886647,0.2463768115942029,0.46337641989815903,162.0,2553
QQQ,BLEND50,50.0,1.5,-0.0013983859500589224,0.015561525086602437,-0.22160831000468173,-0.014076877186579573,0.07072735553536585,0.3176654915785351,0.3078730904817861,207.5,2553
QQQ,MOM,50.0,2.0,-0.026764068992433554,-0.05643038342437496,-0.4946004643945272,-0.24030637878371952,0.18314442626792976,0.5193889541715628,0.9952996474735605,331.0,2553
QQQ,MR,50.0,2.0,0.017939771625706147,0.2447355779152242,-0.2348768615629223,0.19738014952390848,0.08854559722360682,0.0990990990990991,0.22052487269878573,52.0,2553
QQQ,MOM+HMM,50.0,2.0,0.03049897768810772,0.3255802676067733,-0.42555186506534204,0.355764514072459,0.11130605262138359,0.30513121817469646,0.5648256952604779,286.0,2553
QQQ,MR+HMM,50.0,2.0,0.0032567609019891197,0.08599262103157893,-0.21203278526504477,0.033489023162099896,0.05597310618043934,0.08147277712495103,0.18018018018018017,52.0,2553
QQQ,HYB_default,50.0,2.0,0.0194811892560387,0.26166930874556155,-0.25988653072292267,0.2158764515160576,0.08883081251670658,0.23932628280454368,0.4418331374853114,162.0,2553
QQQ,HYB_contrarian,50.0,2.0,0.0062231921151667535,0.11143140301159576,-0.25419169038387324,0.0648686909970777,0.10720686210946087,0.24951037994516256,0.5029377203290247,275.0,2553
QQQ,HYB_bullmom,50.0,2.0,-0.02411745116468833,-0.14184371779409025,-0.4911966132448584,-0.21911496070603897,0.12070383812628088,0.31061496278887585,0.5895025460242852,324.0,2553
QQQ,HYB_calmonly,50.0,2.0,0.0030632635827394505,0.07833817686099474,-0.27380520870159497,0.0314714159678664,0.07997378613985406,0.2256169212690952,0.4171562867215041,134.0,2553
QQQ,BLEND50,50.0,2.0,0.002490586572551523,0.07108361714637648,-0.24773380288194868,0.02552086529531361,0.0801490738041713,0.40031335683509595,0.38738738738738737,189.5,2553
QQQ,MOM,50.0,2.5,-0.026764068992433554,-0.05643038342437496,-0.4946004643945272,-0.24030637878371952,0.18314442626792976,0.5193889541715628,0.9952996474735605,331.0,2553
QQQ,MR,50.0,2.5,0.01463592445373152,0.293612356369495,-0.10562894004069023,0.15858710421238387,0.05448343613624641,0.025851938895417155,0.052878965922444184,16.0,2553
QQQ,MOM+HMM,50.0,2.5,0.03049897768810772,0.3255802676067733,-0.42555186506534204,0.355764514072459,0.11130605262138359,0.30513121817469646,0.5648256952604779,286.0,2553
QQQ,MR+HMM,50.0,2.5,0.004362475381266995,0.16927363475615953,-0.09953635716863263,0.045086761947167986,0.02802700467130397,0.02154328241284763,0.043478260869565216,14.0,2553
QQQ,HYB_default,50.0,2.5,0.014474364296978903,0.2222739989300467,-0.26732429796614066,0.15671948943242242,0.07856488069281718,0.21934978456717588,0.40109674892283587,126.0,2553
QQQ,HYB_contrarian,50.0,2.5,0.013925353670475538,0.19353438823119412,-0.2468605257938905,0.1503932558439578,0.0945416458221468,0.190755973364669,0.36662749706227965,229.0,2553
QQQ,HYB_bullmom,50.0,2.5,-0.02534510252346489,-0.15786024993301595,-0.49836877770001164,-0.229010100225023,0.11826923402626144,0.3016059537798668,0.5703094398746573,308.0,2553
QQQ,HYB_calmonly,50.0,2.5,0.001801174128854166,0.06184633851435431,-0.285214416399039,0.018398398275756955,0.07625465023848466,0.21660791226008616,0.39796318057187624,118.0,2553
QQQ,BLEND50,50.0,2.5,-0.0009744777936054883,0.03255265311954841,-0.2426280906301238,-0.00982858211373494,0.0874231674872663,0.4927536231884058,0.4712103407755582,172.5,2553
IWM,BuyHold,,,0.1210831946181028,0.6287627434537559,-0.333100201417877,2.183307685304387,0.22049189958821092,0.5338817077947513,0.9996083039561301,1.0,2553
IWM,MOM,10.0,1.5,-0.1391542915935261,-0.57015436925501,-0.9041503004548301,-0.7808550321024365,0.22021533831357668,0.4794359576968273,0.9980415197806503,995.0,2553
IWM,MR,10.0,1.5,0.011802269191283576,0.15340657318915796,-0.22100395753689628,0.12622140716617247,0.1472966004917851,0.21974148061104584,0.44496670583627107,407.0,2553
IWM,MOM+HMM,10.0,1.5,-0.005031767794718589,0.038567062467223294,-0.5497197038936346,-0.04982137236898032,0.14628714290063,0.39052095573834705,0.7861339600470035,843.0,2553
IWM,MR+HMM,10.0,1.5,0.056086448454699234,0.9372004977296988,-0.09498336949941066,0.7381938162508235,0.06015668609250894,0.10810810810810811,0.20211515863689777,249.0,2553
IWM,HYB_default,10.0,1.5,-0.12805222637702696,-1.0569451588405556,-0.8060640667549156,-0.7504762912260116,0.122492813214533,0.28867998433215825,0.627888758323541,699.0,2553
IWM,HYB_contrarian,10.0,1.5,-0.010403171175920045,-0.030417286065604846,-0.28746541368244605,-0.10052685355808744,0.11753285165936248,0.2146494320407364,0.4512338425381904,531.0,2553
IWM,HYB_bullmom,10.0,1.5,-0.09138346227482008,-0.6163801333640087,-0.7356973358568877,-0.6212468819946578,0.13959460638900947,0.3701527614571093,0.7567567567567568,857.0,2553
IWM,HYB_calmonly,10.0,1.5,-0.11115731897545056,-0.9855086055359854,-0.7589003838508939,-0.6969268201844167,0.11303600976770246,0.24167645906776342,0.5205640423031728,627.0,2553
IWM,BLEND50,10.0,1.5,-0.051620692350606956,-0.6063412991724395,-0.5821900490628724,-0.4154704863382266,0.0818751380900967,0.25616921269095183,0.2765374069721896,577.0,2553
IWM,MOM,10.0,2.0,-0.1391542915935261,-0.57015436925501,-0.9041503004548301,-0.7808550321024365,0.22021533831357668,0.4794359576968273,0.9980415197806503,995.0,2553
IWM,MR,10.0,2.0,0.02675872301319515,0.28989370658419783,-0.25597751070788677,0.30672989271003415,0.11324449891968584,0.12377594986290638,0.24167645906776342,222.0,2553
IWM,MOM+HMM,10.0,2.0,-0.005031767794718589,0.038567062467223294,-0.5497197038936346,-0.04982137236898032,0.14628714290063,0.39052095573834705,0.7861339600470035,843.0,2553
IWM,MR+HMM,10.0,2.0,0.033248051406212564,0.7235212177342165,-0.09947977507740458,0.3928555362682393,0.046711478826412474,0.06698002350176263,0.12416764590677634,144.0,2553
IWM,HYB_default,10.0,2.0,-0.10394907467823455,-0.9435514057209923,-0.7187489695300053,-0.6710841673598875,0.10988365366218712,0.24676850763807284,0.5319232275754014,615.0,2553
IWM,HYB_contrarian,10.0,2.0,0.0038308616396036665,0.08885464364885767,-0.20973635028921367,0.03949615327719891,0.10596302134907935,0.14962788875832353,0.31139835487661577,414.0,2553
IWM,HYB_bullmom,10.0,2.0,-0.0868100772461835,-0.6103971734366743,-0.7043098881945113,-0.6014833355863554,0.13400010225213294,0.3564433999216608,0.72777124951038,815.0,2553
IWM,HYB_calmonly,10.0,2.0,-0.10663053962380353,-1.0097628363222546,-0.7216649100402204,-0.6809208491705059,0.1060532964965295,0.22796709753231492,0.49157853505679594,581.0,2553
IWM,BLEND50,10.0,2.0,-0.04869977230596745,-0.48125104509944594,-0.5721261657603416,-0.39697315632958796,0.0944637162083038,0.3627105366235801,0.3781825303564434,547.5,2553
IWM,MOM,10.0,2.5,-0.1391542915935261,-0.57015436925501,-0.9041503004548301,-0.7808550321024365,0.22021533831357668,0.4794359576968273,0.9980415197806503,995.0,2553
IWM,MR,10.0,2.5,-0.006754323442050736,-0.04352742274515053,-0.3310350962790466,-0.06635581029620852,0.08059963460155056,0.04896200548374462,0.09439874657265962,82.0,2553
IWM,MOM+HMM,10.0,2.5,-0.005031767794718589,0.038567062467223294,-0.5497197038936346,-0.04982137236898032,0.14628714290063,0.39052095573834705,0.7861339600470035,843.0,2553
IWM,MR+HMM,10.0,2.5,0.00868147141212372,0.30435862008000125,-0.07795873599274772,0.09152084481301226,0.029864662452560937,0.026635330983157072,0.05131218174696436,58.0,2553
IWM,HYB_default,10.0,2.5,-0.09503873042609745,-0.9470266099918405,-0.7060920214636117,-0.6364028072530594,0.10012213132162126,0.22248335291813554,0.4782608695652174,559.0,2553
IWM,HYB_contrarian,10.0,2.5,-0.014731812073771167,-0.10416760753011385,-0.3037476788347684,-0.13959971097716162,0.09725352035940046,0.09792401096748923,0.2107324716020368,320.0,2553
IWM,HYB_bullmom,10.0,2.5,-0.07593850982002315,-0.550042379721995,-0.6902712302680242,-0.5507199199015518,0.1285129305339933,0.345475910693302,0.7038777908343126,795.0,2553
IWM,HYB_calmonly,10.0,2.5,-0.09591596272871072,-0.9680812932531695,-0.7081906879014765,-0.639957763080518,0.09905584991494189,0.21699960830395612,0.46768507638072854,555.0,2553
IWM,BLEND50,10.0,2.5,-0.06699649506534888,-0.6254830686279642,-0.6484086851047639,-0.5046765428563699,0.10246213805477476,0.43399921660791224,0.4518213866039953,508.5,2553
IWM,MOM,20.0,1.5,-0.09883556156893492,-0.36216952960702464,-0.7814949350508404,-0.6515648695628191,0.22029105886663491,0.4888366627497062,0.9980415197806503,651.0,2553
IWM,MR,20.0,1.5,0.019826076277950966,0.21009023269389274,-0.2734991723931023,0.22005002644609606,0.14033540881376985,0.20838229533881708,0.4144144144144144,224.0,2553
IWM,MOM+HMM,20.0,1.5,0.06524943627418178,0.5193131256334798,-0.2769766602897269,0.8971774120277309,0.14078648827203022,0.38738738738738737,0.755189972581277,587.0,2553
IWM,MR+HMM,20.0,1.5,0.03455613743323438,0.5651898681768861,-0.14890728802285558,0.41082352972814884,0.0636965124006951,0.1218174696435566,0.22875048962005484,192.0,2553
IWM,HYB_default,20.0,1.5,-0.04213874629903103,-0.29913175372085143,-0.4587808378524657,-0.35348650867247544,0.1198509237680129,0.29690560125342735,0.6063454759106933,429.0,2553
IWM,HYB_contrarian,20.0,1.5,-0.012477586123905593,-0.05080822692938693,-0.31308417461189797,-0.11944694550053503,0.11574650641206385,0.21308264786525657,0.44418331374853115,440.0,2553
IWM,HYB_bullmom,20.0,1.5,-0.035856585536139685,-0.1945184203891736,-0.48141889261837,-0.309220085020505,0.13836659904237575,0.37877007442224836,0.7520564042303173,653.0,2553
IWM,HYB_calmonly,20.0,1.5,-0.03519332577299328,-0.2650686416582372,-0.4191889813447691,-0.30439064938246074,0.11159567091605098,0.25616921269095183,0.5158636897767332,407.0,2553
IWM,BLEND50,20.0,1.5,-0.027870220023163528,-0.2904442737579114,-0.3747866557842626,-0.24900864965944736,0.08490855499590455,0.28319623971797886,0.2918135526831179,404.5,2553
IWM,MOM,20.0,2.0,-0.09883556156893492,-0.36216952960702464,-0.7814949350508404,-0.6515648695628191,0.22029105886663491,0.4888366627497062,0.9980415197806503,651.0,2553
IWM,MR,20.0,2.0,0.05165773753192071,0.4819681522334935,-0.22948952303855985,0.6657457827630631,0.1192444112953604,0.12025068546807677,0.23305914610262438,122.0,2553
IWM,MOM+HMM,20.0,2.0,0.06524943627418178,0.5193131256334798,-0.2769766602897269,0.8971774120277309,0.14078648827203022,0.38738738738738737,0.755189972581277,587.0,2553
IWM,MR+HMM,20.0,2.0,0.021646145563130048,0.4675717456226137,-0.09858436771362022,0.24228983377909574,0.04829574993783707,0.0654132393262828,0.12299255777516648,108.0,2553
IWM,HYB_default,20.0,2.0,-0.021068938499767764,-0.1361575772480648,-0.37917426326282877,-0.19404637011600667,0.11103053733530065,0.2671367019193106,0.5385820603211907,381.0,2553
IWM,HYB_contrarian,20.0,2.0,-0.005439785110435191,0.0005488154965606538,-0.25068687761964004,-0.0537615151681623,0.10520185674474758,0.14492753623188406,0.3027810419114767,354.0,2553
IWM,HYB_bullmom,20.0,2.0,-0.02591328523702796,-0.12857015603199287,-0.44943219125465417,-0.23355140377611294,0.134101109641637,0.3670191931061496,0.7289463376419898,623.0,2553
IWM,HYB_calmonly,20.0,2.0,-0.025186472103171487,-0.18676534511862736,-0.40226950479460233,-0.22773789464559546,0.10627151820141471,0.2444183313748531,0.4927536231884058,373.0,2553
IWM,BLEND50,20.0,2.0,-0.015059607893154747,-0.11757829241139355,-0.3120386618468105,-0.1424953219019509,0.09260927407191397,0.3764198981590286,0.38249118683901295,368.5,2553
IWM,MOM,20.0,2.5,-0.09883556156893492,-0.36216952960702464,-0.7814949350508404,-0.6515648695628191,0.22029105886663491,0.4888366627497062,0.9980415197806503,651.0,2553
IWM,MR,20.0,2.5,0.029989543145327868,0.38914554756959097,-0.16781419500107597,0.34898973127899113,0.08526915667606122,0.04034469251860556,0.07285546415981199,42.0,2553
IWM,MOM+HMM,20.0,2.5,0.06524943627418178,0.5193131256334798,-0.2769766602897269,0.8971774120277309,0.14078648827203022,0.38738738738738737,0.755189972581277,587.0,2553
IWM,MR+HMM,20.0,2.5,0.009225038812412656,0.3452860299530231,-0.08030144151895269,0.0974946410020765,0.027707074585585086,0.02154328241284763,0.03760282021151586,40.0,2553
IWM,HYB_default,20.0,2.5,-0.008618884356151324,-0.03775613457605778,-0.3557800608322098,-0.08396066486412346,0.09911707905746513,0.23580101840971407,0.47473560517038776,335.0,2553
IWM,HYB_contrarian,20.0,2.5,0.0010989563772667577,0.05925114036215764,-0.22845365843184506,0.01118950096021254,0.09605944908846534,0.09244026635330983,0.1899725812769291,284.0,2553
IWM,HYB_bullmom,20.0,2.5,-0.018447869766240133,-0.08251237078173523,-0.4015807026012471,-0.17191534710931755,0.12731384101608165,0.3521347434390913,0.7019193106149628,589.0,2553
IWM,HYB_calmonly,20.0,2.5,-0.017714913007313426,-0.13439132716902016,-0.40047488010281374,-0.1656293951422635,0.09756137776327661,0.22953388170779476,0.4657265961613788,339.0,2553
IWM,BLEND50,20.0,2.5,-0.027984410261497228,-0.22867101523612127,-0.4131488685778457,-0.24990186680251925,0.10157066768674346,0.4563258911084998,0.4625930278104191,341.5,2553
IWM,MOM,50.0,1.5,-0.06802071006315957,-0.21170590045991375,-0.6611800295713626,-0.5101576898651317,0.21914128899854826,0.49588719153936545,0.9952996474735605,403.0,2553
IWM,MR,50.0,1.5,0.03454182458177657,0.32190633202399666,-0.19979522070912403,0.41062580197107157,0.1329489148686009,0.18644731688209948,0.36584410497453973,102.0,2553
IWM,MOM+HMM,50.0,1.5,0.06682040914995602,0.5473166521519818,-0.3238627655417461,0.9257139644020893,0.1347653960376736,0.37132784958871917,0.7160203681942813,429.0,2553
IWM,MR+HMM,50.0,1.5,0.034631675310132115,0.4784583533008339,-0.17785438863841063,0.4118674767419166,0.07741316028569843,0.12612612612612611,0.2436349392871132,138.0,2553
IWM,HYB_default,50.0,1.5,-0.01976685688496549,-0.11160709146348631,-0.5315378232032715,-0.18311976605531533,0.11721020341756935,0.28437132784958874,0.5683509596553075,265.0,2553
IWM,HYB_contrarian,50.0,1.5,0.01667022755238512,0.1981972084741353,-0.22088368643039225,0.1823370784275129,0.11909232080004724,0.20799059929494712,0.4206815511163337,380.0,2553
IWM,HYB_bullmom,50.0,1.5,-0.039731609803861145,-0.22988703828084528,-0.6009688137209135,-0.3368365156442724,0.1360193091187125,0.36976106541323933,0.7348217783000391,489.0,2553
IWM,HYB_calmonly,50.0,1.5,-0.03794017952227946,-0.3012124631252433,-0.5462431707265125,-0.3241955560586176,0.10872333504075579,0.24794359576968272,0.49862906384645517,287.0,2553
IWM,BLEND50,50.0,1.5,-0.005489938755505075,-0.019623643738997193,-0.3244390749147795,-0.05424482131304309,0.08710749908205484,0.31805718762240504,0.3147277712495104,246.5,2553
IWM,MOM,50.0,2.0,-0.06802071006315957,-0.21170590045991375,-0.6611800295713626,-0.5101576898651317,0.21914128899854826,0.49588719153936545,0.9952996474735605,403.0,2553
IWM,MR,50.0,2.0,0.005740783274860162,0.10703101600819107,-0.19979522070912403,0.059707892811609264,0.10842693576650456,0.1073247160203682,0.21308264786525657,52.0,2553
IWM,MOM+HMM,50.0,2.0,0.06682040914995602,0.5473166521519818,-0.3238627655417461,0.9257139644020893,0.1347653960376736,0.37132784958871917,0.7160203681942813,429.0,2553
IWM,MR+HMM,50.0,2.0,0.022476746077322085,0.41403745163436234,-0.0926571871241636,0.2525599994362073,0.057700294836072044,0.07559733646690169,0.14414414414414414,78.0,2553
IWM,HYB_default,50.0,2.0,-0.025744796125589775,-0.1894230338028935,-0.5505258155272151,-0.23220724518184077,0.10726577402653154,0.25695260477869175,0.5162553858206033,227.0,2553
IWM,HYB_contrarian,50.0,2.0,0.001917141890212637,0.07175433336898815,-0.32096874743038795,0.019593357959920787,0.10854829725346077,0.15276145710928318,0.30865648256952605,320.0,2553
IWM,HYB_bullmom,50.0,2.0,-0.03127165705221868,-0.1784092495815363,-0.5702340488674812,-0.2752083447601783,0.13036808542550485,0.3576184880532707,0.7117117117117117,447.0,2553
IWM,HYB_calmonly,50.0,2.0,-0.029466287127764668,-0.24353250932076673,-0.5451803238609136,-0.2614068614778171,0.10158241207161055,0.23580101840971407,0.4755189972581277,245.0,2553
IWM,BLEND50,50.0,2.0,-0.021634538670328274,-0.1820380525129282,-0.37468837114589204,-0.19875150902359018,0.09522736992451476,0.3901292596944771,0.39110849980415197,223.5,2553
IWM,MOM,50.0,2.5,-0.06802071006315957,-0.21170590045991375,-0.6611800295713626,-0.5101576898651317,0.21914128899854826,0.49588719153936545,0.9952996474735605,403.0,2553
IWM,MR,50.0,2.5,-0.0013667817748662658,0.03198998561208384,-0.17465773164141696,-0.013760716202074641,0.09323299724993667,0.03681942812377595,0.07598903251077165,16.0,2553
IWM,MOM+HMM,50.0,2.5,0.06682040914995602,0.5473166521519818,-0.3238627655417461,0.9257139644020893,0.1347653960376736,0.37132784958871917,0.7160203681942813,429.0,2553
IWM,MR+HMM,50.0,2.5,0.0004695268817875853,0.03069770197049554,-0.10930772090202945,0.004766964112294492,0.03170818833870531,0.01762632197414806,0.03446925186055621,26.0,2553
IWM,HYB_default,50.0,2.5,-0.027532883646417816,-0.22180168534155334,-0.5222345658517616,-0.24636434023603448,0.10225453340164825,0.23619271445358403,0.4770857814336075,209.0,2553
IWM,HYB_contrarian,50.0,2.5,-0.008181081747815733,-0.036050359084471684,-0.35176931402233147,-0.07985410772958412,0.09720475102505588,0.09009009009009009,0.18644731688209948,270.0,2553
IWM,HYB_bullmom,50.0,2.5,-0.03598067085812451,-0.22109817985715624,-0.5752428407797323,-0.3101202323159922,0.1283908770337877,0.34978456717587153,0.6987857422640031,421.0,2553
IWM,HYB_calmonly,50.0,2.5,-0.03418432647197833,-0.3015801943645029,-0.5351418979882556,-0.2969853817609843,0.09903414483129395,0.22796709753231492,0.4625930278104191,219.0,2553
IWM,BLEND50,50.0,2.5,-0.02627378005472847,-0.21889365552558565,-0.40401622793990855,-0.236420208841294,0.09915998152288334,0.45671758715236976,0.45965530748139444,209.5,2553
